,Source
0,GossipCop
1,TechRadar UK
3,Snark Food
4,Entertainment Weekly \(blog\)
5,The Patriot-News \(blog\)
6,JamBase
7,Waterloo Record
8,ChristianToday
9,Kingston Daily Freeman
10,Latino Post
11,BBC News
12,TIME
13,UPI.com
14,CNBC.com
15,Peninsula On-line
16,MarketWatch
17,WTOP
18,Mother Nature Network
19,TIME
20,International Business Times UK
21,The Star-Ledger
22,New York Post
23,Christian Science Monitor
24,Ottawa Citizen
25,iWantPop
26,NDTV
27,mxdwn.com
28,HitFix
29,fox6now.com
30,Mac Rumors
31,Re\/code
32,Wall Street Journal
33,The Herald-Times \(subscription\)
34,Columbus Dispatch
35,Daily Life
36,Daily Mail
37,iClarified
38,Mac Rumors
39,Complex.com
40,Tech Times
41,Cambio
42,Broadway World
43,Cape Breton Post
44,BuddyTV
45,Housing Wire
46,Forbes
47,CBS Local
48,PC Gamer Magazine
49,Vibe
50,Businessweek
51,iNVEZZ
52,J-14 Magazine
53,WDRB
54,TheStreet.com
55,CarterMatt.com
56,RTT News
57,just-style.com
58,CNNMoney \(press release\)
59,Businessweek
60,Macworld
61,MarketWatch
62,Us Magazine
63,Mashable
64,The Asian Age
65,Reality TV World
66,Town Hall
67,Telecompaper \(subscription\)
68,Sky News Australia
69,PJ Media
70,SlashGear
71,Zimbio
72,gulfnews.com
73,Kotaku
74,fuse.tv
75,Metal.com News
76,Daily Mail
77,NEWS.com.au
78,TIME
79,RTT News
81,Telegraph.co.uk
83,Press of Atlantic City
85,WDRB
86,Wonkette \(satire\)
87,Uproxx
88,ITV News
89,Businessweek
90,Entertainment Weekly
91,Mideast Time
92,TheHDRoom
93,hellomagazine.com
94,Business Standard
95,iSource
96,Yahoo TV \(blog\)
97,FITSNews
98,Broadway World
99,The Star-Ledger
100,Oregon Daily Emerald
101,TIME
102,ReadWrite
103,Cambio
104,Sky News Australia
105,Vulture
106,MTV.com
107,USA TODAY
108,Jezebel
109,MarketWatch
110,LALATE
111,ClaimsJournal.com
112,Forbes
113,Cinema Blend
114,Reality TV World
115,TechCrunch
116,The Stir
117,Firstpost
118,TheStreet.com
119,TVbytheNumbers
120,Us Magazine
121,HyperVocal
122,Wired
123,MyFox Austin
124,The Hollywood Gossip
125,Mediaite
126,Motley Fool
127,Contactmusic.com
128,The Independent
129,The Almagest
130,TheStreet.com
131,GameSpot
132,myfox8.com
133,KMBC Kansas City
134,Gospel Herald
135,Radar Online
136,ExtremeTech
137,Popular Mechanics
138,BetaNews
139,SegmentNext
140,Waterloo Record
141,Global Times
142,CNBC.com
143,CTV News
144,Deadline.com
145,Stuff.co.nz
146,Android Community
147,soFeminine.co.uk
148,Side Mission
149,The Malay Mail Online
150,StarPhoenix
151,CBS News
152,Uproxx
153,Opptrends
154,Headlines \& Global News
155,Venture Capital Post
156,The Guardian
157,Q13 FOX
158,The New Republic
159,Businessweek
160,Toronto Star
161,International Business Times UK
162,Reality TV World
163,Fox News
164,NDTV
165,WTOP
166,PopCrush
167,E-Commerce Times
168,Businessweek
169,BuddyTV
170,Canadian Manufacturing
171,International Business Times
172,AllGov
173,Gameranx
174,Politix
175,iWantPop
176,Motley Fool
177,Washington Times
178,USA TODAY
179,SheKnows.com
180,South China Morning Post
181,Peninsula On-line
182,Peninsula On-line
183,Castanet.net
184,KOMO News
185,FXstreet.com
186,Cambio
187,24\/7 Wall St.
188,Latin Post
189,TheWrap
190,Independent Online
191,Hollywood Reporter
192,TheDay.com \(blog\)
193,Yahoo News
194,Motley Fool
195,The Star-Ledger
196,BuddyTV
197,Entertainment Weekly \(blog\)
198,Latinos Post
199,CNN
200,Money Morning
201,Autoblog \(blog\)
202,Us Magazine
203,Hypable
204,Hollywood Life
205,Daily Life
206,Businessinsider India
207,24\/7 Wall St.
208,RT
209,BuddyTV
210,Law360 \(subscription\)
211,Houston Press \(blog\)
212,AllGov
213,TheChronicleHerald.ca
214,UT The Daily Texan \(blog\)
215,Telegraph.co.uk
216,The Inquisitr
217,Home Media Magazine
218,The Outhouse
219,The Independent
220,WCCFtech
221,Ars Technica
222,Ottawa Citizen
223,Hollywood Life
224,The Herald-Times \(subscription\)
225,The Guardian \(blog\)
226,SlashGear
227,TVWise
228,The Stir
229,WDRB
230,Daily Beast
231,Kingston Daily Freeman
233,Wall St. Cheat Sheet
234,Engadget
235,BREATHEcast
236,marie claire magazine Australia
237,SlashGear
238,Reveal
239,Businessweek
240,SlashGear
241,New York Magazine
242,International Business Times
243,OCRegister
244,Popular Mechanics
245,TidBITS
246,Latinos Post
247,Chicago Daily Herald
248,RTT News
249,BBC News
250,University Herald
251,Contactmusic.com
252,Libya Herald
253,Engadget
254,The Futon Critic
255,Bidness Etc
256,mxdwn.com
257,BGR
258,SheKnows.com
259,RTT News
260,Contactmusic.com
261,TV.com
262,Quartz
263,New York Daily News
264,Bollywood Life
265,MotoringCrunch
266,CBS Local
267,ConsumerAffairs
268,Bloomberg View
269,Paste Magazine
270,Fibre2fashion.com
271,Jezebel
272,iClarified
273,Zimbio
274,Daily Life
275,InformationWeek
276,The Stir
277,Polygon
278,Irish Times \(blog\)
279,"International Business Times, India Edition"
281,GeekWire
282,The Escapist
283,Computerandvideogames.com \(blog\)
284,PopCrush
285,UPI.com
286,Newsday
287,Daily Political
288,Us Magazine
289,VatorNews
290,Livemint
291,TrustedReviews
292,iWantPop
293,Q13 FOX
294,Cinema Blend
295,USA TODAY
296,Mashable
297,Newstalk ZB
298,iNVEZZ
299,Hollywood Reporter
300,The Voice of Russia
301,Science Fiction
302,CTV News
303,Hollywood Reporter
304,Milwaukee Journal Sentinel
305,Zimbio
306,Jezebel
307,Metro
308,Investorplace.com
309,CNBC.com
310,MarineLink
311,CNBC.com
312,Newser
313,Computerworld Australia
314,The Periscope Post
315,Businessinsider India
316,Entertainment Weekly
317,NowGamer
318,Latin Post
319,Digital Trends
320,Moneycontrol.com
321,PopCrush
322,Capsule Computers
323,The West Australian
324,BBC News
325,Bloomberg
326,Geeky gadgets
327,TODAYonline
329,Babble
330,The Plain Dealer
331,AceShowbiz
332,SlashGear
333,Digital Trends
334,International Business Times UK
336,The Gamer Headlines
337,TopNews United States
338,VentureBeat
339,Global Times
340,MotoringCrunch
341,antiMUSIC.com
342,Digital Spy
343,Winsford Guardian
344,Product Reviews
345,Newser
346,Daily Mail
347,Denver Post
348,Lancaster Newspapers
349,Broadway World
350,Co.Exist
351,TechCrunch
352,Bloomberg View
353,Milwaukee Journal Sentinel
354,Wired
355,LAPTOP Magazine \(blog\)
356,USA TODAY
357,BBC News
358,New York Daily News
359,Inquirer
360,RedEye Chicago
361,The Globe and Mail
362,OS News
363,Hollywood Reporter
364,The Escapist
365,Law360 \(subscription\)
366,mediabistro.com
367,The Province
368,MyDaily UK
369,Evening Standard
370,Reality TV World
371,Local 10
372,Baltimore Sun \(blog\)
373,Independent Online
375,ModVive
376,Motley Fool
377,World Internet TV on PC \(blog\)
379,BDlive
380,Metalbulletin.com \(subscription\)
381,Bloomberg
382,Motley Fool
383,Latin Times
384,Den of Geek \(US\)
385,WBAL Radio
386,RopeofSilicon.com
387,The Star-Ledger
388,Herald Scotland
389,TopNews New Zealand
390,Hollywood Reporter
391,Joystiq
392,New York Daily News
393,Globalnews.ca
394,RTE.ie
395,FITSNews
396,KMBC Kansas City
397,GossipCop
398,autoevolution
399,UPI.com
400,CBS News
401,Capital FM
402,Broadcasting \& Cable
403,10TV
404,Central Banking \(subscription\)
405,Engadget
406,A.V. Club \(blog\)
407,Wall St. Cheat Sheet
408,Ticker Report
409,Benzinga
410,Top Tech News
411,The News International
412,Top Tech News
413,Latin Post
414,Slate Magazine \(blog\)
415,The Periscope Post
416,The Escapist
417,The Oregonian
418,MSN Money
419,Digital Spy
420,Hollywood Reporter
421,Bloomberg View
422,Daily Beast
423,TopNews New Zealand
424,Minneapolis Star Tribune
425,Today's iPhone
426,New York's PIX11 \/ WPIX-TV
427,the Diplomat
428,Online Athens
429,Motley Fool
430,Fast Company
431,MSN Money
432,marie claire magazine Australia
434,The Independent
435,About - News \& Issues
436,Newstalk ZB
437,NZ City
438,Business Standard
439,Newsday
440,GossipCop
441,GeekWire
442,MediaPost Communications
443,ScreenCrush
444,Headlines \& Global News
445,The Post-Standard \(blog\)
446,The Independent
447,Daily Mail
448,CNNMoney
450,UPI.com
451,Business Standard
452,Denver Post
453,V3.co.uk
454,Newsday
455,TechSpot
456,Nickutopia
457,Latin Post
458,Sydney Morning Herald
459,The Japan Times
460,TIME
461,PC Magazine
462,MSN Philippines News
463,Financial Post
464,Telemanagement
465,Gamepur
466,Forbes
467,PopCrush
468,WebProNews
469,Press Trust of India
470,gulfnews.com
471,SheKnows.com
472,CarterMatt.com
473,Sugarscape
474,San Jose Mercury News
475,Hollywood Reporter
476,Forbes
477,Explosion
478,Business Standard
479,Mobile Burn
481,AVAFIN
483,Yahoo Finance \(blog\)
484,Entertainment Weekly
485,Jezebel
486,Contactmusic.com
487,Newser
488,RTT News
489,Joystiq
490,The Post-Standard
491,Hamilton Spectator
492,Global Times
493,Investorplace.com
494,Columbus Dispatch
495,GamingBolt
496,gulfnews.com
497,TmoNews
498,NBC Bay Area
500,International Business Times UK
501,Digital Spy
502,BREATHEcast
503,The Futon Critic
504,Hot Hardware
505,Contactmusic.com
506,Ticker Report
507,Tulsa World
508,International Business Times
509,AceShowbiz
510,Auto World News
511,ValueWalk
512,Businessweek
513,Las Vegas Review-Journal
514,Businessweek
515,TIME
516,The Stir
517,BDlive
518,A.V. Club
519,Us Magazine
520,ZDNet
521,Emag.co.uk
522,USA TODAY
523,Android Headlines - Android News
524,Salt Lake Tribune
525,OpEdNews
526,Refinery29
527,UPI.com
528,City Index
529,The Globe and Mail
530,Belfast Telegraph
531,Forbes
532,The Times \(subscription\)
533,Forbes
534,Gizmodo UK
535,Product Reviews
536,The Consumerist
537,Metro
538,BGR
539,City Index
540,Recombu
541,MacroBusiness \(blog\)
542,Law360 \(subscription\)
543,New York Daily News
544,Boston Globe
545,Pocket-lint.com
546,24\/7 Wall St.
547,Independent Online
548,Indian Express
549,NZ City
550,www.worldbulletin.net
551,Daily Mail
553,Emag.co.uk
554,Businessinsider India
555,Co.Design
556,NEWS.com.au
557,TIME
558,WDRB
559,Middletown Press
560,Worcester Telegram
561,89.3 KPCC
562,Engadget
563,fox6now.com
564,Mac Rumors
565,Forbes
566,Austin Chronicle
567,WebProNews
568,"International Business Times, India Edition"
569,Daily Mail
570,The Stir
571,Hollywood Life
572,BDlive
573,SheKnows.com
574,Latin Post
575,Cambio
576,The Guardian
577,The Verge
578,ValueWalk
579,WSET
580,Latin Post
581,International Financing Review
582,CBS Local
583,BGR
584,Windsor Star
585,Latin Post
586,NDTV
587,Wired.co.uk
588,MSN Money
589,Broadcasting \& Cable
591,The Inquisitr
592,Daily Life
593,Stereogum
594,Mediaite
595,Newsday
596,MyBroadband
597,Latin Times
598,PJ Media
599,CarterMatt.com
600,Sky News Australia
601,Business Insider
602,Belfast Telegraph
603,MTV UK
604,Enstarz
605,Seattle Post Intelligencer \(blog\)
606,Explosion
607,NEWS.com.au
608,Billboard
609,Contactmusic.com
610,Hollywood Reporter
611,Android Community
612,The Plain Dealer
613,Android Headlines - Android News
614,Tom's Guide
615,USA TODAY
616,Hollywood Reporter
618,Europe Online Magazine
619,Game Front
620,CNBC.com
621,Contactmusic.com
622,International Business Times
623,The Japan Times
624,CNBC.com
625,New York Post
626,TechHive
627,Bloomberg View
628,Businessweek
629,Montreal Gazette
630,Telegraph.co.uk
631,BBC News
632,Newsmax.com
633,Refinery29
634,Vancouver Sun
635,Headlines \& Global News
636,USA TODAY
637,Motley Fool
638,Key 103 Manchester
639,NBC Bay Area
640,Digital Spy UK
641,Digital Spy UK
642,Reverb MSN Music \(blog\)
643,io9
644,Toronto Star
645,Classicalite
646,24\/7 Wall St.
647,The Oregonian
648,Forbes
649,J-14 Magazine
650,Investorplace.com
651,San Francisco Chronicle \(blog\)
652,Parade
653,Us Magazine
654,The Independent
655,CBS News
657,Bloomberg
658,USA TODAY
659,FashionUnited.co.uk
660,Reality TV World
661,TopNews United States
662,Bloomberg
663,VG247
664,ValueWalk
665,MarketWatch
666,CNNMoney \(press release\)
667,Binary Tribune
668,The Periscope Post
669,Motley Fool
670,Benzinga
671,UPI.com
672,Headlines \& Global News
673,MTV.com
674,Ubergizmo
675,New York Daily News
676,Entertainment Weekly
677,GossipCop
678,The Epoch Times
679,CarterMatt.com
680,GameSpot
681,Auto World News
682,The Japan Times
683,HitFix
684,BGR
685,Businessweek
686,CBC.ca
687,Contactmusic.com
688,Businessinsider India
689,VentureBeat
690,Billboard
691,WDRB
692,The Consumerist
693,TheStreet.com
694,TIME
695,MotoringCrunch
696,The Malay Mail Online
697,KFBK
698,MSN NZ News
699,CNBC.com
700,Engadget
701,Businessweek
702,The Patriot-News
703,International Business Times UK
704,Businessweek
705,Snark Food
706,PCGamesN
707,Forbes
708,Independent Online
709,Businessweek
710,The Independent
711,NBC Southern California
712,Entertainment Weekly \(blog\)
713,BBC News
714,Cape Breton Post
715,New York Post
716,Dose.ca
717,RTT News
718,MSN Philippines News
719,PC Magazine
720,WSET
721,MarketWatch
722,NBC Bay Area
723,DailyFinance
724,Toronto Star
725,UPI.com
726,Herald Scotland
727,ConsumerAffairs
728,Gulf Times
729,Hollywood Reporter
730,SheKnows.com
731,VG247
732,RTE.ie
733,The Daily Voice
734,Manufacturing.net
735,WKBT La Crosse
736,WDRB
737,AceShowbiz
738,Gamasutra
739,TheWrap
740,Denver Post
741,antiMUSIC.com
742,CNBC.com
743,Wall Street Pit
744,Al Jazeera America
745,kdvr.com
746,CMR
747,Philly.com
748,Daily Life
749,New York Daily News
750,The Epoch Times
751,Hollywood Reporter
752,Independent Online
753,BDlive
754,Huntington Herald Dispatch
755,The Asian Age
756,TIME
757,AppAdvice
758,The Independent
759,Telegraph.co.uk
760,AceShowbiz
761,Life \& Style Weekly
762,Computerandvideogames.com
763,indiatvnews.com
764,Toronto Star
765,International Business Times
766,RTT News
767,Motley Fool
768,South China Morning Post
769,Gulf Times
770,The Sun
771,Mideast Time
772,Variety
773,BDlive
774,iClarified
775,International Business Times UK
776,CBC.ca
777,DailyFinance
778,Liliputing
779,Hamilton Spectator
780,stv.tv
781,Auckland stuff.co.nz
782,Headlines \& Global News
783,Broadcasting \& Cable
784,CBS Local
785,Digital Spy UK
787,South China Morning Post
788,Daily Gadgetry
789,Co.Exist
790,Hamilton Spectator
791,Movie Fanatic
792,TIME
793,Droid Report
794,VG247
795,Guyism
796,Bloomberg
797,The Frisky
798,Vulture
799,Modern Readers
800,Newsday
801,Central Banking \(subscription\)
802,Mashable
803,GamingBolt
804,Seattle Post Intelligencer \(blog\)
805,USA TODAY
806,iWantPop
807,Tom's Guide
808,KTVN
809,Variety
810,Contactmusic.com
811,Newsmax.com
812,gulfnews.com
813,Advanced Television
814,Castanet.net
815,The Stir
816,Guide2Derby
817,Business Standard
818,TIME
819,Press Herald
820,Motley Fool
821,Parade
822,Toledo Blade
823,GeekWire
824,Digital Spy
825,Cinema Blend
826,Fox News
827,Lawyer Herald
828,About - News \& Issues
829,TIME
830,Deccan Chronicle
831,ValueWalk
832,Broadway World
833,ValueWalk
834,Forbes
835,CNBC.com
836,Mashable
837,Forbes
838,Vanity Fair
839,Hamilton Spectator
840,SlashGear
841,Businessweek
842,Motley Fool
843,Computerandvideogames.com \(blog\)
844,AOL Autos
845,Billboard
846,The Star Online
847,Enstarz
848,Modern Readers
849,Zimbio
850,The Age
851,Cinema Blend
852,Entertainment Weekly
853,WDRB
854,Broadway World
855,Christian Science Monitor
856,Paste Magazine
857,GossipCop
858,The Province
859,PopCrush
860,Babble
861,Washington Times
862,New York Daily News
863,Jezebel
864,Business Spectator
865,The Periscope Post
866,Contactmusic.com
867,Gamenguide
868,Guyism
869,Stuff.co.nz
870,NPR \(blog\)
871,Boston Globe
872,Polygon
873,International Business Times UK
874,PC Magazine
875,NEWS.com.au
876,AceShowbiz
877,Capsule Computers
878,Billboard
879,Geeky gadgets
880,WDRB
881,PJ Media
882,International Business Times
883,Headlines \& Global News
884,The Fiscal Times
885,The Inquisitr
886,Business Standard
887,Reveal
888,Contactmusic.com
889,Gothamist
890,International Business Times UK
891,CBS News
892,Buenos Aires Herald
893,STLtoday.com
894,CarterMatt.com
895,AusGamers
896,CP24 Toronto's Breaking News
897,Deseret News
898,Extra
899,The Stir
900,Slate Magazine \(blog\)
901,Fox News
902,Jezebel
903,Latin Times
904,Entertainmentwise
905,USA TODAY
906,Ocala
907,Gawker
908,Businessweek
909,International Business Times UK
910,Gizmodo UK
911,Macgasm
912,Mashable
913,KFBK
914,Motley Fool
915,Engadget
916,UPI.com
917,International Financing Review
918,Auckland stuff.co.nz
919,The Periscope Post
920,Stuff.co.nz
921,ValueWalk
922,Reality TV World
923,The Malay Mail Online
924,TheHDRoom
926,Daily Life
927,International Business Times UK
928,SBS
929,NEWS.com.au
930,ZDNet
931,VentureBeat
932,ReadWrite
933,New York Post
934,CBS Local
935,Toronto Star
936,Dose.ca
937,Irish Independent
938,Law360 \(subscription\)
939,Autoblog \(blog\)
940,AceShowbiz
941,Hedgeworld \(subscription\)
942,Metal.com News
943,Hypable
944,CNET
945,USA TODAY
946,Contactmusic.com
947,Auto World News
948,NEWS.com.au
949,ZDNet
950,Newsday
951,USA TODAY
952,The Escapist
954,RollingStone.com
955,International Business Times
956,Christian Science Monitor
957,Mashable
958,kfor.com
959,Business Standard
960,Reality Rewind
961,HyperVocal
962,Worcester Telegram
963,Game Front
964,A.V. Club Denver\/Boulder
965,Fox News
966,Daily Mail
967,Seattle Post Intelligencer \(blog\)
968,VentureBeat
969,MarketWatch
970,E Canada Now
971,TruthDive
972,Digital Spy
973,Student Operated Press
974,Belfast Telegraph
975,CarterMatt.com
976,Idolator\: All About The Music
977,UPI.com
978,Bloomberg
979,TechnoBuffalo
980,Tuscaloosa News \(subscription\)
981,NEWS.com.au
982,Metalbulletin.com \(subscription\)
983,Mediaite
984,AceShowbiz
985,PCR-online.biz
986,Deadline.com
987,Express.co.uk
988,People's Daily Online
989,Law360 \(subscription\)
990,The Nation. \(blog\)
991,Us Magazine
992,UPI.com
993,Geeky gadgets
994,Business Insider
995,Philadelphia Magazine \(blog\)
996,fuse.tv
997,Philly.com
998,Key 103 Manchester
999,Franchise Herald
1000,NYU Washington Square News
1001,Gospel Herald
1002,Daily Political
1003,Evening Standard
1004,Noisey \(blog\)
1005,Space.com
1006,ValueWalk
1007,Los Angeles Daily News
1008,Motley Fool
1009,Yahoo\!7 News
1010,Latin Post
1011,stv.tv
1012,iWantPop
1013,Paste Magazine
1014,Businessinsider India
1015,24\/7 Wall St.
1016,Gamasutra
1017,We Got This Covered
1018,NBC 5 Dallas-Fort Worth
1019,Businessweek
1020,WebProNews
1021,RopeofSilicon.com
1022,Benzinga
1023,Irish Times \(blog\)
1024,Independent Online
1025,USA TODAY
1027,GMA News
1028,bnn.ca
1029,Daily Mail
1030,Globalnews.ca
1031,RTT News
1032,Forbes
1033,BBC News
1034,San Jose Mercury News
1035,Digital Spy
1036,Businessinsider India
1037,Businessweek
1038,The News International
1039,Fox News
1040,Seattle Post Intelligencer \(blog\)
1041,The Guardian
1042,RTT News
1043,The Post-Standard \(blog\)
1044,Mother Nature Network
1045,Music and Lyrics
1046,I Am Rogue.com
1047,Franchise Herald
1048,CBS News
1049,SlashGear
1050,Latin Times
1051,OMG\! Canada \(blog\)
1053,NPR \(blog\)
1054,mediabistro.com
1055,tuaw.com
1056,Christian Post
1057,International Business Times
1058,UPI.com
1059,Computerworld
1060,Engadget
1061,Interactive Investor
1062,Hedgeworld \(subscription\)
1063,Telegraph.co.uk
1064,KMBZ
1065,WebProNews
1066,Contactmusic.com
1067,Investorplace.com
1068,Jezebel
1069,Beauty World News
1070,Us Magazine
1071,New Jersey 101.5 FM Radio
1072,Yahoo Canada Shine \(blog\)
1073,Newsmax.com
1074,Hollywood Reporter
1075,Austin Chronicle
1076,NPR \(blog\)
1077,Contactmusic.com
1078,Geeky gadgets
1079,Daily Mail
1080,Daily Beast
1081,MSN Money
1082,TODAYonline
1083,TheWrap
1084,Engadget
1085,The Japan News
1086,San Francisco Chronicle \(blog\)
1087,Ubergizmo
1088,Headlines \& Global News
1089,Broadway World
1090,Broadway World
1091,Papermag
1092,Daily Mail
1093,Bloomberg
1094,The Mary Sue
1095,The BoomBox
1096,International Business Times
1097,Daily Mail
1098,The Star Online
1099,The Nation. \(blog\)
1100,Variety
1101,Fox News
1103,Toronto Sun
1104,MarketWatch
1105,Business Spectator
1106,Big Hollywood
1107,WebProNews
1108,Variety
1109,SheKnows.com
1110,Newser
1111,Daily Mail
1112,Businessweek
1113,Ticker Report
1114,Global Times
1115,TechHive
1116,OpEdNews
1117,The Inquisitr
1118,Motley Fool
1119,Latinos Post
1120,TheStreet.com
1121,TIME
1123,Macgasm
1124,Daily Beast
1125,Belfast Telegraph
1126,MSN Money
1127,NEWS.com.au
1128,Computerworld Australia
1129,The Guardian
1130,CNNMoney
1131,Deutsche Welle
1132,24\/7 Wall St.
1133,Business Insider
1134,Tuscaloosa News \(subscription\)
1135,International Business Times
1136,bnn.ca
1137,The Globe and Mail
1138,University Herald
1139,TechCrunch
1140,Latin Times
1141,Variety
1142,Newser
1143,The Inquisitr
1144,The Guardian
1145,PC Magazine
1146,Us Magazine
1147,The Patriot-News \(blog\)
1148,Extra
1149,hellomagazine.com
1150,Businessinsider India
1151,gulfnews.com
1152,University Herald
1153,RTT News
1154,Columbus Dispatch
1155,Metro
1156,Inc.com
1157,STLtoday.com
1158,CTV News
1159,Latin Post
1160,GossipCop
1161,The Voice of Russia
1162,WallStreetPR
1163,Total Film
1164,TechnologyTell
1165,Eurogamer.net
1166,MarketWatch
1167,Evening Standard
1168,Binary Tribune
1169,Contactmusic.com
1170,Contactmusic.com
1171,marie claire magazine Australia
1172,Eurogamer.net
1173,WDRB
1174,Business Standard
1175,Press Herald
1176,CTV News
1177,Forbes
1178,BGR
1179,Guide2Derby
1180,The Periscope Post
1181,Fox News
1182,Ubergizmo
1183,ITProPortal
1184,Daily Beast
1185,Advanced Television
1186,WTOP
1187,CNN \(blog\)
1188,Newsday
1189,eNCA
1190,The BoomBox
1191,Financial Post
1192,Contactmusic.com
1193,Irish Independent
1194,The New Republic
1195,The Escapist
1196,Paste Magazine
1197,Reality TV World
1198,Hollywood Reporter
1199,BREATHEcast
1200,ScreenCrush
1201,The Grio
1202,STLtoday.com
1203,Daniels Trading
1204,The Plain Dealer
1205,O'Dwyer's PR News
1206,OMG\! Canada \(blog\)
1207,TODAYonline
1208,Pocket-lint.com
1209,International Business Times
1210,MSN Money
1211,MTV UK
1212,BGR
1213,hypebot.com
1214,Vibe
1215,Motley Fool
1216,Businessweek
1217,MarketWatch
1218,The Stir
1219,India Today
1220,Latino Post
1221,A.V. Club \(blog\)
1222,Reality Tea
1223,Guyism
1224,MediaPost Communications
1225,Refinery29
1226,Yahoo Movies \(blog\)
1227,CBC.ca
1228,RTT News
1229,Toronto Star
1230,Gamenguide
1231,hypebot.com
1232,FinFacts Ireland
1233,Zimbio
1234,Variety
1235,The Periscope Post
1236,San Jose Mercury News
1237,FinFacts Ireland
1238,Polygon
1239,Focus News
1240,MarketWatch
1241,FXstreet.com
1242,TheChronicleHerald.ca
1243,CBS Local
1244,Businessinsider India
1245,TheWrap
1246,International Business Times UK
1247,Benzinga
1248,Local 10
1249,Vulture
1250,Digital Spy
1251,Slate Magazine \(blog\)
1252,Wired
1253,International Business Times
1254,Computerandvideogames.com
1255,The Stir
1256,VatorNews
1257,India Today
1258,Mac Rumors
1259,V3.co.uk
1260,LAPTOP Magazine \(blog\)
1261,Minneapolis Star Tribune
1262,New Jersey 101.5 FM Radio
1263,GameSided
1264,Ubergizmo
1265,bnn.ca
1266,San Francisco Chronicle \(blog\)
1267,WKRB News
1268,Hollywood.com
1269,BuzzSugar.com
1270,iWantPop
1271,Huntington Herald Dispatch
1272,Techsonian \(press release\)
1273,New Yorker \(blog\)
1274,The Times \(subscription\)
1275,Idolator\: All About The Music
1276,ReadWrite
1277,KCRA Sacramento
1278,ValueWalk
1279,The Southland Times
1280,MSN Money
1281,Liliputing
1282,The Escapist
1283,Travel Weekly
1284,Gamepur
1285,The Voice of Russia
1286,Fox News
1287,eNCA
1288,9 to 5 Mac
1289,Bloomberg
1290,Telegraph.co.uk
1291,PCWorld \(blog\)
1292,WDRB
1293,Hypable
1294,WebProNews
1296,Financial Post
1297,Fox News
1298,ValueWalk
1299,Benzinga
1300,Radar Online
1301,24\/7 Wall St.
1302,CNET \(blog\)
1303,Press Trust of India
1304,WDRB
1305,Virtual Press Office \(press release\)
1306,Sydney Morning Herald
1307,The Birmingham News - al.com
1308,Bloomberg View
1309,Eater National
1310,Telemanagement
1311,TechCrunch
1312,Independent Online
1313,Geeky gadgets
1314,The Verge
1315,VentureBeat
1316,"International Business Times, India Edition"
1317,Businessweek
1318,TheStreet.com
1319,Digital Spy
1320,CBS News
1321,The Age
1322,Wonkette \(satire\)
1323,Winston-Salem Journal
1324,Noise11
1325,Daily Mail
1326,Headlines \& Global News
1327,Firstpost
1328,Los Angeles Daily News
1329,Newser
1330,Automotive News
1331,RTT News
1332,Seattle Post Intelligencer \(blog\)
1334,Entertainment Weekly
1335,The Japan News
1336,USA TODAY
1337,Vulture
1338,BuzzFeed
1339,Us Magazine
1340,Marie Claire.co.uk
1341,I Am Rogue.com
1342,Times of India
1343,Europe Online Magazine
1344,Contactmusic.com
1345,International Business Times UK
1346,Gamepur
1347,The Times \(subscription\)
1348,South China Morning Post
1349,The Times Herald
1350,Bloomberg
1351,MarketWatch
1352,Daily Mail
1353,MyFox Austin
1354,STLtoday.com
1355,CNET Australia
1356,Financial Post
1357,The Oregonian
1358,Venture Capital Post
1359,Business Insider
1360,Newser
1361,Times LIVE
1362,ZDNet
1363,Digital Spy UK
1364,Middletown Press
1365,Express.co.uk
1366,SlashGear
1367,Headlines \& Global News
1368,Gulf Times
1369,Contactmusic.com
1370,Bloomberg
1371,TrustedReviews
1372,Den of Geek \(US\)
1373,Telegraph.co.uk
1374,International Business Times
1375,The Almagest
1376,UPI.com
1377,Daily Beast
1378,Daily Mail
1379,Headlines \& Global News
1380,Entertainment Weekly
1381,Computerandvideogames.com
1382,Home Media Magazine
1383,Bloomberg
1384,Geekosystem
1385,Buenos Aires Herald
1386,UPI.com
1387,Forbes
1388,The Independent
1389,Ars Technica
1390,TechRadar UK
1391,AVAFIN
1392,Toledo Blade
1393,New York Post
1394,UT The Daily Texan \(blog\)
1395,GossipCop
1396,New York Post
1397,DailyFinance
1398,The Japan News
1399,Daily Mail
1400,SheKnows.com
1401,Joystiq
1402,The Star-Ledger
1403,Contactmusic.com
1404,NBC 5 Dallas-Fort Worth
1405,Inquirer
1406,GameSpot
1407,24\/7 Wall St.
1408,Hollywood Reporter
1409,Reality TV World
1410,Deadline.com
1411,Deadline.com
1412,New York Daily News
1413,Paste Magazine
1414,The Fiscal Times
1415,Politix
1416,The Inquisitr
1417,CP24 Toronto's Breaking News
1418,Mac Rumors
1419,Polygon
1420,Sugarscape
1421,FierceWireless
1422,Contactmusic.com
1423,The Epoch Times
1424,Enstarz
1425,MarketWatch
1426,Digital Trends
1427,Vulture
1428,Businessweek
1429,RollingStone.com
1430,Techsonian \(press release\)
1431,Entertainment Weekly
1432,Yahoo\!7 News
1433,RTE.ie
1434,The Periscope Post
1435,UPI.com
1436,HitFix
1437,Independent Online
1438,Quartz
1439,StarPhoenix
1440,CBS News
1441,Seattle Post Intelligencer \(blog\)
1442,Broadcasting \& Cable
1443,Bleeding Cool News
1444,ITProPortal
1445,SheKnows.com
1446,Food World News
1447,The Outhouse
1448,Bloomberg
1449,Travel Weekly
1450,Forbes
1451,The News Ledge
1452,The Globe and Mail
1453,Stereogum
1454,Deadline.com
1455,Extra
1456,Re\/code
1457,Latinos Post
1458,The Gamer Headlines
1459,Mother Nature Network \(blog\)
1460,Us Magazine
1461,Hamilton Spectator
1462,PopCrush
1463,Mobile Burn
1464,The News Ledge
1465,Christian Science Monitor
1466,Mac Rumors
1467,MobileSyrup.com
1468,USA TODAY
1469,Auto World News
1470,AppAdvice
1471,Forbes
1472,MSN NZ News
1473,Salt Lake Tribune
1474,CMR
1475,NBC Bay Area
1476,Broadway World
1477,Contactmusic.com
1478,International Business Times UK
1480,Businessinsider India
1481,Softonic EN
1482,The Inquisitr
1483,ReadWrite
1484,Modern Readers
1485,New York Magazine
1486,"International Business Times, India Edition"
1487,Entertainment Weekly \(blog\)
1488,VentureBeat
1489,Christian Post
1490,ITV News
1491,The Guardian
1492,UPI.com
1493,Dubuque Telegraph Herald
1494,Press Herald
1495,International Business Times UK
1496,Businessinsider India
1497,FashionUnited.co.uk
1498,BBC News
1499,AceShowbiz
1500,International Business Times
1501,Businessweek
1502,Apple Insider
1503,Newsmax.com
1504,Digital Trends
1505,Hollywood Reporter
1507,Irish Times
1508,Geeky gadgets
1510,RTT News
1511,Entrepreneur
1512,International Business Times UK
1513,Auckland stuff.co.nz
1514,SlashGear
1515,MyDaily UK
1516,gulfnews.com
1517,Daily Beast
1518,Latin Times
1519,Motley Fool
1520,Interactive Investor
1521,Life \& Style Weekly
1522,Softonic EN
1523,Polygon
1524,Mobile Burn
1525,Milwaukee Journal Sentinel
1526,Baystreet.ca
1527,OCRegister
1528,Reality TV World
1529,Jalopnik
1530,Businessinsider India
1531,MediaPost Communications
1532,Radar Online
1533,Interactive Investor
1535,The Northern Echo
1536,Racked National
1537,People's Daily Online
1538,Manufacturing.net
1539,The Inquisitr
1540,TopNews Arab Emirates
1541,GossipCop
1542,BetaNews
1543,Sydney Morning Herald
1544,GameSpot
1545,Gizmodo UK
1546,Seattle Post Intelligencer \(blog\)
1547,Ars Technica
1548,The Guardian
1549,ExtremeTech
1550,ANSAmed
1551,National Business Review \(subscription\)
1552,Auto World News
1553,Express.co.uk
1554,Daily Mail
1555,ExtremeTech
1556,International Business Times
1557,The Epoch Times
1558,Sky News Australia
1559,Ars Technica
1560,CBS Local
1561,New York Post
1562,The Malay Mail Online
1563,Irish Independent
1564,Global Times
1565,DeveloperTech
1566,Expert Reviews
1567,Sydney Morning Herald
1568,Zolmax
1569,Us Magazine
1570,Press Trust of India
1571,the Diplomat
1572,Heritage Newspapers
1573,NEWS.com.au
1574,DailyFinance
1575,Gawker
1576,The Verge
1577,The Consumerist
1578,Guide2Derby
1579,Reality Rewind
1580,SlashGear
1581,kdvr.com
1582,AceShowbiz
1583,MarketWatch
1584,GossipCop
1585,BBC News
1586,The Star-Ledger
1587,Broadway World
1588,Irish Examiner
1589,Refinery29
1590,Reality TV World
1591,Philly.com \(blog\)
1592,CBC.ca
1593,Forbes
1594,Entertainment Weekly
1595,Digital Spy UK
1596,CTV News
1597,OS News
1598,ValueWalk
1599,The Star-Ledger
1600,Reality Tea
1601,Deseret News
1602,The Times-Picayune
1603,io9
1604,The Hill \(blog\)
1605,Refinery29
1606,The Atlantic
1607,WDRB
1608,eNCA
1609,The Koalition
1610,TheStreet.com
1611,Benzinga
1612,CBS Local
1613,The Frisky
1615,gulfnews.com
1616,Business Insider
1617,Peninsula On-line
1618,Refinery29
1619,Businessweek
1620,Joystiq
1621,The Utah People's Post
1622,Global Times
1623,Forbes
1624,BreakingNews.ie
1625,iWantPop
1626,International Business Times UK
1627,Forbes
1628,Pulse
1629,Latin Post
1630,East Idaho News
1631,Reality TV World
1632,Ticker Report
1633,Adweek
1634,AceShowbiz
1635,LALATE
1636,MotoringCrunch
1637,The Oregonian
1638,NDTV
1639,ITProPortal
1640,Phandroid.com
1641,Jobs \& Hire
1642,Evening Standard
1643,GMA News
1644,PCR-online.biz
1645,just-style.com
1646,Deadline.com
1647,Boston Globe
1648,New York Daily News
1649,CarterMatt.com
1650,Digital Spy
1651,Shacknews
1652,CNET Australia
1653,Android Authority
1654,Businessweek
1655,Eagle-Tribune
1656,ChristianToday
1657,AceShowbiz
1658,Times LIVE
1659,WebProNews
1660,The Plain Dealer
1661,JamBase
1662,Us Magazine
1663,VG247
1664,Headlines \& Global News
1665,Fast Company
1666,CNET \(blog\)
1667,Variety
1668,Modern Readers
1669,ReadWrite
1670,Business Insider
1671,The Malay Mail Online
1672,Law360 \(subscription\)
1673,Businessweek
1674,Entertainmentwise
1675,Techsonian \(press release\)
1676,Wired.co.uk
1677,Telemanagement
1678,USA TODAY
1679,RedEye Chicago
1680,The Oregonian
1682,New York Daily News
1683,hellomagazine.com
1684,Businessweek
1685,Boston Globe
1686,The Guardian
1687,We Got This Covered
1688,www.worldbulletin.net
1689,Contactmusic.com
1690,MotoringCrunch
1691,New York Daily News
1692,Eureka\! Science News
1693,GossipCop
1694,Business Recorder
1695,GossipCop
1696,PCGamesN
1697,Hypable
1698,The West Australian
1699,Housing Wire
1700,KCRA Sacramento
1701,The Guardian
1702,Android Authority
1703,Reality TV World
1704,International Business Times
1705,iSource
1706,New Yorker \(blog\)
1707,Game Politics
1708,ValueWalk
1709,Latin Post
1710,Digital Spy
1711,Yahoo TV \(blog\)
1712,WCCFtech
1713,Forbes
1714,tuaw.com
1715,Yahoo TV \(blog\)
1716,Daily Life
1717,BuddyTV
1718,International Business Times UK
1719,TIME
1721,HitFix
1722,The Periscope Post
1723,Bloomberg
1724,Android Authority
1725,TheDay.com \(blog\)
1726,Metalbulletin.com \(subscription\)
1727,The Inquisitr
1728,Gamepur
1729,The Stir
1730,FXstreet.com
1731,Macworld
1732,Franchise Herald
1733,Binary Tribune
1734,World Internet TV on PC \(blog\)
1735,Telemanagement
1736,Digital Spy
1737,TmoNews
1738,Deadline.com
1739,HitFix
1740,The Star-Ledger
1743,HitFix
1744,TechCrunch
1745,CBS Local
1746,Newsday
1747,Variety
1748,Winston-Salem Journal
1749,Businessweek
1750,Headlines \& Global News
1751,MSN Money
1752,Moneycontrol.com
1754,VentureBeat
1755,RTT News
1756,RollingStone.com
1758,bit-tech.net
1759,Venture Capital Post
1760,BBC News
1761,Racked National
1762,Overclockers Club
1763,CrazyEngineers
1764,CBS News
1765,CNN \(blog\)
1766,SheKnows.com
1767,The West Australian
1768,Castanet.net
1769,CarterMatt.com
1770,Latin Times
1771,Businessinsider India
1772,24\/7 Wall St.
1773,Telecompaper \(subscription\)
1774,Auto World News
1775,BBC News
1776,The Inquisitr
1777,Rigzone
1778,Jakarta Post
1779,Business Spectator
1780,Town Hall
1781,Auto World News
1782,Forbes
1783,Montreal Gazette
1784,hellomagazine.com
1785,Papermag
1786,Motley Fool
1787,TechRadar UK
1788,Us Magazine
1789,Stuff.tv
1790,Newsday
1791,International Business Times UK
1792,CBS News
1793,International Business Times
1794,Enstarz
1795,Music and Lyrics
1796,GameSided
1797,ValueWalk
1798,BuddyTV
1799,Wired
1800,Yahoo TV \(blog\)
1801,MSN Money
1802,Mideast Time
1803,BREATHEcast
1804,Businessweek
1805,WebProNews
1806,Macgasm
1807,Belfast Telegraph
1809,Tech Times
1810,Digital Trends
1811,The Stir
1812,TooFab.com
1813,Sydney Morning Herald
1814,Extra
1815,University Herald
1816,Android Community
1817,CarterMatt.com
1818,Gamenguide
1819,Reality TV World
1820,GameSpot
1821,New York Magazine
1822,Gamenguide
1823,MarketWatch \(blog\)
1824,SBS
1825,NEWS.com.au
1826,Pocket-lint.com
1827,Reality TV World
1828,Livemint
1829,MarketWatch
1830,Reality Rewind
1831,Computerworld
1832,Phandroid.com
1833,CNN \(blog\)
1834,The Periscope Post
1835,Latin Post
1836,TheStreet.com
1837,MyBroadband
1838,ValueWalk
1839,WebProNews
1840,TravelersToday
1841,SlashGear
1842,indiatvnews.com
1843,WebProNews
1844,VentureBeat
1845,International Business Times UK
1846,Hollywood Reporter
1847,Bangkok Post
1848,Co.Design
1849,Us Magazine
1851,BuzzFeed
1852,The Hollywood Gossip
1853,iWantPop
1854,PC Magazine
1855,Recombu
1856,CNET
1857,Benzinga
1858,Contactmusic.com
1859,Law360 \(subscription\)
1860,MarineLink
1861,Toledo Blade
1862,Jalopnik
1863,WBUR
1864,Financial Post
1865,O'Dwyer's PR News
1866,RTT News
1867,MarketWatch
1868,Latin Post
1869,Businessweek
1870,UPI.com
1871,Sky News Australia
1872,Business Spectator
1873,gulfnews.com
1874,The Periscope Post
1875,Sky News Australia
1876,The Escapist
1877,WKRB News
1878,Science Fiction
1879,Albuquerque Journal
1880,Irish Independent
1881,Uproxx
1882,Radar Online
1883,Gadget Insiders
1884,Slate Magazine \(blog\)
1885,Extra
1886,The Guardian
1887,Independent Online
1888,MTV.com
1889,The Age
1890,New York Daily News
1891,AppAdvice
1892,Press Trust of India
1893,BGR
1894,WRAL Tech Wire
1895,SlashGear
1896,Bloomberg
1897,MTV UK
1898,Wired
1899,Fox News
1900,CNBC.com
1901,Virtual Press Office \(press release\)
1902,Capital FM
1903,Product Reviews
1904,MTV UK
1905,MSN NZ News
1906,WBAL Radio
1907,TechCrunch
1908,TIME
1909,Parent Herald
1910,MyBroadband
1911,Austin Chronicle
1913,Jobs \& Hire
1914,TechHive
1915,Franchise Herald
1916,Bloomberg
1917,Daily Life
1918,Motley Fool
1920,Livemint
1921,CNBC.com
1922,Mideast Time
1923,BGR
1924,MacroBusiness \(blog\)
1925,DailyFinance
1926,D Magazine
1927,KMBZ
1928,Metro
1929,The Verge
1930,CNBC.com
1931,Big Hollywood
1932,BGR India
1933,GossipCop
1934,Pulse
1935,New York Magazine
1936,WebProNews
1937,Investorplace.com
1938,International Business Times UK
1939,Ultimate Classic Rock
1940,Herald Scotland
1941,TheStreet.com
1942,Wall Street Pit
1943,iClarified
1944,GamingBolt
1945,International Business Times
1946,Gadget Insiders
1948,The Inquisitr
1949,Shacknews
1950,Law360 \(subscription\)
1951,The Province
1952,RollingStone.com
1953,Geeky gadgets
1954,Billboard
1955,AusGamers
1956,CBS Local
1957,The Sun
1958,A.V. Club
1959,Businessweek
1960,The Plain Dealer
1961,The Hill \(blog\)
1962,The Periscope Post
1963,Entertainment Weekly \(blog\)
1965,Game Politics
1966,Reality TV World
1967,WRAL Tech Wire
1968,Marie Claire.co.uk
1969,Metro
1970,Contactmusic.com
1971,GameSpot
1972,ZDNet
1973,ITProPortal
1974,Sydney Morning Herald
1975,East Idaho News
1976,SheKnows.com
1977,Cinema Blend
1978,TooFab.com
1979,Joystiq
1980,Forbes
1981,New York Magazine
1982,VG247
1983,Hollywood Reporter
1984,Businessweek
1985,Hot Hardware
1986,The Koalition
1987,San Jose Mercury News
1988,The Times Herald
1989,The Southland Times
1990,TechSpot
1991,International Business Times
1992,Student Operated Press
1993,Tech Times
1994,Classicalite
1995,FXstreet.com
1996,PC Magazine
1997,Irish Independent
1998,Gothamist
1999,Geeky gadgets
2000,Digital Spy
2001,Entrepreneur
2002,Daily Mail
2003,MSN Money
2004,MediaPost Communications
2005,Irish Independent
2006,Bloomberg
2007,Benzinga
2008,Entertainment Weekly
2009,Business Today
2010,Worcester Telegram
2011,Yahoo\!7 News
2012,Independent Online
2013,"International Business Times, India Edition"
2014,Food World News
2015,TheStreet.com
2016,Us Magazine
2017,Las Vegas Review-Journal
2018,24\/7 Wall St.
2019,ValueWalk
2020,Heritage Newspapers
2021,The Southland Times
2022,Billboard
2023,Latin Post
2024,Latino Post
2025,International Business Times
2026,Idolator\: All About The Music
2027,Ticker Report
2028,Music Times
2029,Apple Insider
2030,Motley Fool
2031,Computerandvideogames.com
2032,Independent Online
2033,Online Athens
2034,ModVive
2035,Techsonian \(press release\)
2036,iNVEZZ
2037,TechnoBuffalo
2038,Global Times
2039,Livemint
2040,Parent Herald
2041,Computerandvideogames.com
2042,Hypable
2043,USA TODAY
2044,24\/7 Wall St.
2045,Daily Mail
2046,Tech Times
2047,The Mary Sue
2048,Sugarscape
2049,Contactmusic.com
2050,autoevolution
2051,Toronto Sun
2052,USA TODAY
2053,MarketWatch
2054,USA TODAY
2055,BBC News
2056,The Epoch Times
2057,Popular Mechanics
2058,\/FILM
2059,Newser
2060,Entertainment Weekly \(blog\)
2061,Re\/code
2062,WDRB
2063,ValueWalk
2064,Winsford Guardian
2065,ClaimsJournal.com
2066,Ocala
2067,tuaw.com
2068,TruthDive
2069,The Guardian
2070,Refinery29
2071,The Plain Dealer
2072,FXstreet.com
2073,Broadway World
2074,E-Commerce Times
2075,TechnologyTell
2076,Daily Mail
2077,tuaw.com
2078,DailyFinance
2079,Deadline.com
2080,Broadway World
2082,WebProNews
2083,Wall Street Journal
2084,The Guardian
2085,International Business Times UK
2086,Yahoo TV \(blog\)
2087,Businessweek
2088,Irish Independent
2089,WDRB
2090,Automotive News
2091,ValueWalk
2092,MobileSyrup.com
2093,Jakarta Post
2094,Hollywood.com
2095,Engadget
2096,Contactmusic.com
2097,Sky News Australia
2098,Global Times
2099,Seattle Post Intelligencer \(blog\)
2100,RT
2101,Engadget
2102,A.V. Club
2103,Noisey \(blog\)
2104,Entrepreneur
2105,Sydney Morning Herald
2106,Expert Reviews
2107,Bloomberg
2108,Enstarz
2109,Sydney Morning Herald
2110,New York Daily News
2111,Vancouver Sun
2112,Business Today
2113,Metro
2114,NBC Bay Area
2115,myfox8.com
2116,The Plain Dealer
2117,WebProNews
2118,The Daily Voice
2119,The Guardian
2120,The Asian Age
2121,RTT News
2122,Yahoo Canada Shine \(blog\)
2123,Deadline.com
2124,Hollywood.com
2125,\/FILM
2126,GameSided
2127,Space.com
2128,Businessweek
2129,Latin Times
2130,Latin Post
2131,Yahoo\!7 News
2132,AceShowbiz
2133,Forbes
2134,Globalnews.ca
2135,TV.com
2136,Inrumor
2137,Bloomberg
2138,Reality Rewind
2139,Newser
2140,Daily Political
2141,USA TODAY
2142,Business Standard
2143,Business Insider
2144,Reality TV World
2145,Computerandvideogames.com
2146,tuaw.com
2147,Vanity Fair
2148,Indian Express
2149,Interactive Investor
2150,Geeky gadgets
2151,SBS
2152,NYU Washington Square News
2153,ITProPortal
2154,Entertainment Weekly
2155,Irish Times
2156,The Hill \(blog\)
2157,The Independent
2158,Complex.com
2159,Newsday
2160,Headlines \& Global News
2161,Attack of the Fanboy
2162,Latinos Post
2163,The Star-Ledger
2164,NBC Southern California
2165,10TV
2166,24\/7 Wall St.
2167,Investorplace.com
2168,Telegraph.co.uk
2169,The Hill \(blog\)
2170,MSN Money
2171,Quartz
2172,Daniels Trading
2173,MediaPost Communications
2174,DeveloperTech
2175,TIME
2176,CTV News
2177,Mashable
2178,The Escapist
2179,NDTV
2180,Los Angeles Daily News
2181,hellomagazine.com
2182,Business Insider
2183,Engadget
2184,\/FILM
2185,CNBC.com
2186,Reality TV World
2187,TopNews Arab Emirates
2188,Motley Fool
2189,Ahram Online
2190,Daily Mail
2191,SiliconANGLE \(blog\)
2192,WDRB
2193,Techsonian \(press release\)
2194,The News Ledge
2195,CNET
2196,FierceWireless
2197,BreakingNews.ie
2198,WRCB-TV
2199,ZDNet
2200,TIME
2201,The Times Herald
2202,Android Community
2203,D Magazine
2204,Reality TV World
2205,Christian Science Monitor
2206,Financial Post
2207,Philadelphia Magazine \(blog\)
2208,The Malay Mail Online
2209,New York's PIX11 \/ WPIX-TV
2210,Independent Online
2211,Total Film
2212,Baltimore Sun \(blog\)
2213,Albuquerque Journal
2214,MSN NZ News
2215,Benzinga
2216,The Patriot-News
2217,TVbytheNumbers
2218,The Star Online
2219,WDRB
2220,SegmentNext
2221,TravelersToday
2222,Ubergizmo
2223,Daily Mail
2224,io9
2225,Ubergizmo
2226,Yahoo Finance \(blog\)
2227,Bollywood Life
2228,PC Gamer Magazine
2229,Latino Post
2230,Variety
2231,Boston Globe
2232,The Verge
2233,The Japan News
2234,The Almagest
2235,Toronto Star
2236,Variety \(blog\)
2237,NDTV
2238,Peninsula On-line
2239,DailyFinance
2240,Daily Mail
2241,iWantPop
2242,Press of Atlantic City
2243,BGR
2244,The Guardian
2245,Stuff.tv
2246,East Idaho News
2247,Gameranx
2248,Chicago Daily Herald
2249,Latin Post
2250,SiliconANGLE \(blog\)
2251,Today's iPhone
2252,Ars Technica
2253,UPI.com
2254,International Business Times
2255,The Malay Mail Online
2257,Telegraph.co.uk
2258,The Epoch Times
2259,Game Front
2260,Cinema Blend
2261,Attack of the Fanboy
2262,Christian Post
2263,iWantPop
2264,Contactmusic.com
2265,SheKnows.com
2266,Newser
2267,Ars Technica
2268,Newsday
2269,Polygon
2270,Ticker Report
2271,Zimbio
2272,CNNMoney
2273,BBC News
2274,International Business Times
2275,Enstarz
2276,Glamour.com
2277,CarterMatt.com
2278,Beauty World News
2279,Forbes
2280,The Frisky
2281,Refinery29
2282,GameSided
2283,CTV News
2284,Digital Spy UK
2285,Ahram Online
2286,Cambio
2287,The Verge
2288,Ubergizmo
2289,The Times-Picayune
2290,Fibre2fashion.com
2291,Big Hollywood
2292,NZ City
2294,Yahoo TV \(blog\)
2295,Al-Bawaba
2296,Reveal
2297,Modern Readers
2298,LALATE
2299,RollingStone.com
2300,The Guardian
2301,Philly.com \(blog\)
2302,Contactmusic.com
2303,TheStreet.com
2304,The Guardian
2305,Nickutopia
2306,UPI.com
2307,Al-Bawaba
2308,TIME
2309,Newser
2310,Ubergizmo
2311,WCCFtech
2312,indiatvnews.com
2313,GameSpot
2314,The Epoch Times
2315,Auto World News
2316,The Northern Echo
2317,Macgasm
2318,Latin Times
2319,CrazyEngineers
2320,The Hollywood Gossip
2321,Side Mission
2322,TechRadar UK
2323,The Star Online
2324,Cinema Blend
2325,Yahoo News
2326,ScreenCrush
2327,Fox News
2328,Adweek
2330,Deutsche Welle
2331,International Business Times
2332,Contactmusic.com
2333,Billboard
2334,TechGeek
2335,TechnologyTell
2336,UPI.com
2337,Contactmusic.com
2338,WKBT La Crosse
2339,Hypable
2340,GameSpot
2341,The Escapist
2342,Glamour.com
2343,Town Hall
2344,Sowetan
2345,Android Community
2346,Uproxx
2347,San Jose Mercury News
2348,GeekWire
2349,Business Recorder
2350,Gulf Times
2351,VentureBeat
2352,The Birmingham News - al.com
2353,Sowetan
2354,The Guardian \(blog\)
2355,TopNews Arab Emirates
2356,Idolator\: All About The Music
2357,Newsday
2358,Overclockers Club
2359,Telegraph.co.uk
2360,The Globe and Mail
2361,Emag.co.uk
2362,Radar Online
2363,The News Ledge
2364,Evening Standard
2365,Focus News
2366,CBS News
2367,TODAYonline
2368,Mideast Time
2369,Businessinsider India
2370,Variety
2371,NZ City
2372,DailyFinance
2373,Metro
2374,iWantPop
2375,Windsor Star
2376,Eater National
2377,Inc.com
2378,Auto World News
2379,Forbes
2380,RTT News
2381,Investorplace.com
2382,The Independent
2383,Bidness Etc
2384,CBS News
2385,Polygon
2386,NEWS.com.au
2387,Kotaku
2388,Daily Mail
2389,Shacknews
2390,Cambio
2391,Reverb MSN Music \(blog\)
2392,soFeminine.co.uk
2393,Philly.com \(blog\)
2394,Geeky gadgets
2395,Ubergizmo
2396,"International Business Times, India Edition"
2397,Telegraph.co.uk
2398,Businessweek
2399,Bidness Etc
2400,Newsday
2401,WKRB News
2402,Vancouver Sun
2403,The Hollywood Gossip
2404,Hollywood Reporter
2405,Ubergizmo
2406,ScreenCrush
2407,CNBC.com
2408,Classicalite
2409,WDRB
2410,"International Business Times, India Edition"
2411,The Consumerist
2412,ITV News
2413,NEWS.com.au
2414,Cambio
2415,Baystreet.ca
2416,New York Daily News
2417,ANSAmed
2418,The Stir
2419,BBC News
2420,Product Reviews
2421,The Inquisitr
2422,ValueWalk
2423,KOMO News
2424,WebProNews
2425,The Post-Standard
2426,Daily Mail
2427,KTVN
2428,MSN Money
2429,The Independent
2430,Hindu Business Line
2431,Entertainment Weekly
2432,Sydney Morning Herald
2433,The Plain Dealer
2434,Businessweek
2435,Latin Times
2436,Cinema Blend
2437,Sydney Morning Herald
2438,A.V. Club Denver\/Boulder
2439,The Grio
2440,BuzzSugar.com
2441,Motley Fool
2442,Newser
2443,Boston Globe
2444,Bollywood Life
2445,CarterMatt.com
2446,MTV.com
2447,PC Magazine
2448,MSN Money
2449,Business Insider
2450,www.worldbulletin.net
2451,Sydney Morning Herald
2452,Milwaukee Journal Sentinel
2453,Newser
2454,PC Magazine
2455,CBS Local
2456,Hollywood Reporter
2457,Refinery29
2458,GamingBolt
2460,Telemanagement
2461,RTE.ie
2462,RTE.ie
2463,Business Standard
2464,Telegraph.co.uk
2465,Peninsula On-line
2466,BuddyTV
2467,CBS Local
2468,Dubuque Telegraph Herald
2469,Press Herald
2470,Platts
2471,Financial Post
2472,E Canada Now
2473,Latin Times
2474,Sydney Morning Herald
2475,Variety
2476,Mashable
2477,Entertainment Weekly
2478,Slate Magazine \(blog\)
2480,Deadline.com
2481,WBUR
2482,Politico
2483,South China Morning Post
2484,TechSpot
2485,Motley Fool
2487,NDTV
2488,Extra
2489,Money Morning
2490,Music Times
2491,WebProNews
2492,Lancaster Newspapers
2493,Al Jazeera America
2494,The Star Online
2495,Forbes
2496,Ultimate Classic Rock
2497,Livemint
2498,Deadline.com
2499,The Stir
2500,bit-tech.net
2501,BBC News
2502,89.3 KPCC
2503,CNN
2504,Hindu Business Line
2505,io9
2506,AOL Autos
2507,TechnologyTell
2508,Reality TV World
2509,Reality TV World
2510,Daily Mail
2511,Franchise Herald
2512,International Business Times UK
2513,Rigzone
2514,The Asian Age
2515,Movie Fanatic
2516,MyBroadband
2517,BBC News
2518,CNBC.com
2519,Side Mission
2520,NDTV
2521,VG247
2522,Yahoo Movies \(blog\)
2523,CNET
2524,fuse.tv
2525,PCWorld \(blog\)
2526,Latin Post
2527,Sydney Morning Herald
2528,Bloomberg
2529,Castanet.net
2530,GossipCop
2531,Sky News Australia
2532,Bangkok Post
2533,Inrumor
2534,Politico
2535,Contactmusic.com
2536,The Malay Mail Online
2537,Contactmusic.com
2538,InformationWeek
2539,Law360 \(subscription\)
2540,Forbes
2541,Herald Scotland
2542,Interactive Investor
2543,NEWS.com.au
2544,Metro
2545,WallStreetPR
2546,New York Post
2547,Christian Science Monitor
2548,Newser
2549,Mother Nature Network \(blog\)
2550,Latin Post
2551,Us Magazine
2552,Forbes
2553,Hot Hardware
2554,Irish Independent
2555,TidBITS
2556,SlashGear
2557,mediabistro.com
2558,The Utah People's Post
2559,PC Magazine
2560,Tech Times
2561,Livemint
2562,Today's iPhone
2563,ValueWalk
2564,TVWise
2565,TODAYonline
2566,VentureBeat
2567,SheKnows.com
2568,USA TODAY
2569,gulfnews.com
2571,Ticker Report
2572,Newsday
2573,Geeky gadgets
2574,The Independent
2575,Quartz
2576,Science 2.0
2577,Ars Technica
2578,Deccan Chronicle
2579,Bleeding Cool News
2580,Game Front
2581,International Business Times UK
2582,The Periscope Post
2583,Opptrends
2584,SlashGear
2585,BuddyTV
2586,Houston Press \(blog\)
2587,Toronto Star
2588,TechnologyTell
2589,BBC News
2590,NowGamer
2591,Investorplace.com
2592,The Inquisitr
2593,Geekosystem
2594,Daily Gadgetry
2595,Inrumor
2596,Zolmax
2597,CNET
2598,The Independent
2599,International Business Times UK
2600,"International Business Times, India Edition"
2601,New York Daily News
2602,Canadian Manufacturing
2603,WRCB-TV
2604,The Guardian
2605,Libya Herald
2606,Contactmusic.com
2607,Mediaite
2608,Businessweek
2609,Guyism
2610,MarketWatch \(blog\)
2611,International Business Times
2612,The Japan Times
2613,VG247
2614,Hypable
2615,The Atlantic
2616,ITV News
2617,PC Magazine
2618,Noise11
2619,Ubergizmo
2620,Daily Mail
2621,kfor.com
2622,Zimbio
2623,Deseret News
2624,Telegraph.co.uk
2625,Telegraph.co.uk
2626,Zimbio
2628,National Business Review \(subscription\)
2629,Deadline.com
2630,The Voice of Russia
2631,TIME
2632,eNCA
2633,www.worldbulletin.net
2634,Platts
2635,Eagle-Tribune
2636,WDRB
2637,Business Spectator
2638,Christian Post
2639,New York Daily News
2640,Castanet.net
2641,GMA News
2642,Business Spectator
2643,International Business Times
2644,Baystreet.ca
2645,TechGeek
2646,The Japan News
2647,Android Headlines - Android News
2648,9 to 5 Mac
2649,Droid Report
2650,Top Tech News
2651,Metalbulletin.com \(subscription\)
2652,AceShowbiz
2653,The West Australian
2654,The Consumerist
2655,TooFab.com
2656,Autoblog \(blog\)
2658,Express.co.uk
2659,NYU Washington Square News
2660,Science 2.0
2661,San Francisco Chronicle \(blog\)
2662,TIME
2663,Latin Post
2664,Mediaite
2665,VentureBeat
2666,Tulsa World
2667,TechnologyTell
2668,Jezebel
2669,Franchise Herald
2670,Geeky gadgets
2671,Vibe
2672,CNN \(blog\)
2673,Hollywood Reporter
2674,Irish Examiner
2675,Billboard
2676,Forbes
2677,FierceWireless
2678,The Voice of Russia
2679,Telegraph.co.uk
2680,Independent Online
2681,mxdwn.com
2682,San Jose Mercury News
2683,New York Post
2684,ValueWalk
2685,ValueWalk
2686,Ubergizmo
2687,Businessweek
2688,TIME
2689,Venture Capital Post
2690,Christian Science Monitor
2691,Newser
2692,just-style.com
2693,TechRadar UK
2694,NDTV
2695,ITV News
2696,Lawyer Herald
2697,MTV.com
2698,iWantPop
2699,Dose.ca
2700,Radar Online
2701,Reality TV World
2702,Latin Post
2703,CBC.ca
2704,Irish Independent
2706,Motley Fool
2707,BGR India
2708,Express.co.uk
2709,Techsonian \(press release\)
2710,Daily Beast
2711,The Guardian
2712,Product Reviews
2713,Times of India
2714,Latin Post
2715,Entertainmentwise
2716,Forbes
2717,We Got This Covered
2718,Yahoo News
2719,DailyFinance
2720,The Hollywood Gossip
2721,Politico
2722,Bloomberg
2723,Geekosystem
2724,Irish Times \(blog\)
2725,Eureka\! Science News
2726,New York Daily News
2727,Hollywood Reporter
2728,marie claire magazine Australia
2729,Vancouver Sun
2730,Music Times
2731,Business Insider
2732,Newsday
2733,ScreenCrush
2734,Washington Times
2735,Bidness Etc
2736,Geeky gadgets
2737,Uproxx
2738,Venture Capital Post
2739,Interactive Investor
2740,Computerandvideogames.com
2741,Digital Spy
2742,Bloomberg
2743,Techsonian \(press release\)
2744,Christian Science Monitor
2745,Latin Post
2747,Investorplace.com
2748,Variety \(blog\)
2749,The Inquisitr
